Evidence_ID,Case_ID,File_Name,File_Type,Source_Agency,Chain_of_Custody_Officer,Storage_Location,SHA256_Hash,Analysis_Summary
E-IND-001,FIR-2024-MH-PUN-089,certified_fir_copy_214_2024.pdf,Document,Cyber Crime PS Pune,PI Vikram Salunkhe,Malkhana Locker A-12,8f4b23c91a7e4d56...,Formal complaint registered under Sec 154 CrPC with original complainant signature
E-IND-002,FIR-2024-MH-PUN-089,cdr_hinjewadi_tower_dump.csv,Document,Telecom Regulatory Authority / Airtel,PSI M. Jadhav,Forensic Server Storage,2c3d4e5f6a7b8c9d...,Tower dump showing suspect mobile ping at Hinjewadi Phase 1 at 02:14 AM matching intrusion
E-IND-003,FIR-2024-MH-PUN-089,hdfc_mule_account_statement.pdf,Document,HDFC Bank Pune Camp,Insp. S. Patil,Evidence Locker B-04,4e5f6a7b8c9d0e1f...,Transaction records reflecting advance ransom deposit transfer to Layer-2 mule account
E-IND-004,FIR-2024-MH-PUN-089,server_dd_image_en01.raw,Image,FSL Kalina Mumbai,Dr. S. K. Shinde (Forensic Scientist),Cold Storage NAS,6a7b8c9d0e1f2a3b...,Bit-stream forensic copy of TechAxis primary database SSD showing carved exfiltration scripts
E-IND-005,FIR-2024-MH-PUN-089,atm_swargate_cash_withdrawal.mp4,Video,State Bank ATM Swargate,HC R. Kadam,Secure Vault V-1,7b8c9d0e1f2a3b4c...,CCTV camera capturing associate withdrawing cash using mule debit card at 04:22 AM
E-IND-006,FIR-2024-MH-PUN-089,cellebrite_telegram_chat_dump.json,Document,Digital Forensics Lab Pune,PSI M. Jadhav,Forensic Server Storage,9d0e1f2a3b4c5d6e...,Decrypted chats discussing price for proprietary TechAxis financial algorithms with buyer
E-IND-007,FIR-2024-MH-PUN-089,ipdr_vpn_hop_logs.csv,Document,Tata Communications ISP,PI Vikram Salunkhe,Malkhana Server B-01,1f2a3b4c5d6e7f8a...,IP Detail Records tracing NordVPN entrance hop to suspect home broadband connection
E-IND-008,FIR-2024-MH-PUN-089,fsl_kalina_examiner_report.pdf,Document,Forensic Science Laboratory Mumbai,Director FSL Kalina,Legal Case File Folder,3b4c5d6e7f8a9b0c...,Certified expert report under Sec 79A IT Act confirming presence of malware compiling artifacts
E-IND-009,FIR-2024-MH-PUN-089,suspect_interrogation_161_crpc.m4a,Audio,Cyber Crime PS Pune,PI Vikram Salunkhe,Audio Archive Folder,5d6e7f8a9b0c1d2e...,Recorded statement of suspect Rohan Deshmukh denying knowledge, contradicted by tower records
E-IND-010,FIR-2024-MH-PUN-089,seizure_panchnama_sec100_crpc.pdf,Document,Panch Witnesses / Pune Police,Panch G. Joshi & S. More,Evidence Locker A-01,7f8a9b0c1d2e3f4a...,Formal seizure memo of encrypted USB flash drive and primary Lenovo ThinkPad laptop
E-BLR-001,FIR-2024-KA-BLR-142,victoria_hospital_autopsy_report.pdf,Document,Victoria Hospital Forensic Dept,Dr. K. Venkat,Medical Vault M-02,a1b2c3d4e5f67890...,Post-mortem report confirming time of death between 23:30 and 00:30 by sharp trauma
E-BLR-002,FIR-2024-KA-BLR-142,fingerprint_latent_lift_doorframe.png,Image,CID Fingerprint Bureau Karnataka,Fingerprint Expert L. Nayak,Physical Archive F-09,b2c3d4e5f6a7b8c9...,8 minutiae points matching suspect right thumb retrieved from rear balcony glass door
E-BLR-003,FIR-2024-KA-BLR-142,traffic_junction_cctv_indiranagar.mp4,Video,Bengaluru Smart City Control Room,SI Ramesh Kumar,Digital Archive D-14,c3d4e5f6a7b8c9d0...,Footage showing suspect fleeing on black Bajaj Pulsar without helmet at 00:15 AM
E-BLR-004,FIR-2024-KA-BLR-142,recovered_serrated_kitchen_knife.jpg,Image,Indiranagar PS Crime Team,Insp. B. Manjunath,Weapon Safe W-03,d4e5f6a7b8c9d0e1...,Seized 8-inch chef knife recovered from drainage canal, human blood Group B+ detected
E-BLR-005,FIR-2024-KA-BLR-142,cdr_bsnl_tower_indiranagar.csv,Document,BSNL Nodal Office Karnataka,SI Ramesh Kumar,Server Vault S-05,e5f6a7b8c9d0e1f2...,Suspect IMEI active at Indiranagar 100ft Road tower until 00:12 AM when device switched off
E-BLR-006,FIR-2024-KA-BLR-142,witness_statement_sec161_crpc.pdf,Document,Indiranagar Police Station,Insp. B. Manjunath,Case File Folder,f6a7b8c9d0e1f2a3...,Statement of security guard identifying suspect's physical appearance and motorbike exhaust sound
E-BLR-007,FIR-2024-KA-BLR-142,pawn_shop_gold_seizure_memo.pdf,Document,Commercial Street Police,ASI Govindappa,Malkhana Locker G-01,0e1f2a3b4c5d6e7f...,Recovery of stolen gold necklace pawned by suspect associate within 12 hours of crime
E-BLR-008,FIR-2024-KA-BLR-142,forensic_dna_profiling_report.pdf,Document,FSL Madiwala Bengaluru,Senior Scientific Officer,Scientific Case Vault,2a3b4c5d6e7f8a9b...,DNA extracted from knife hilt matches reference buccal swab of Suresh Gowda
E-DEL-001,FIR-2024-DL-ND-058,ssh_bastion_audit_auth_log.csv,Document,DRDO Vendor Security Ops,Cyber Expert Tarun Grover,Server Audit Vault,3c4d5e6f7a8b9c0d...,Audit log recording 140 root access commands exfiltrating CAD schematics via SCP protocol
E-DEL-002,FIR-2024-DL-ND-058,seized_sandisk_extreme_usb.raw,Image,Delhi Police Cyber Lab,Inspector Amit Rawat,Digital Evidence Locker,4d5e6f7a8b9c0d1e...,Physical bitstream dump of 128GB USB containing unencrypted propulsion system blueprints
E-DEL-003,FIR-2024-DL-ND-058,swift_wire_transfer_dubai.pdf,Document,Financial Intelligence Unit (FIU),IO Devender Sharma,Financial Records Folder,5e6f7a8b9c0d1e2f...,$65,000 incoming wire credit from UAE consultancy account to suspect offshore nominee
E-DEL-004,FIR-2024-DL-ND-058,wiretapped_telephony_intercept.m4a,Audio,Special Operations Group,Tech Surveillance Wing,Intercept Audio Server,6f7a8b9c0d1e2f3a...,Encrypted VoIP wiretap recording negotiating handover of avionics documentation in Bangkok
E-DEL-005,FIR-2024-DL-ND-058,airport_cctv_terminal3_delhi.mp4,Video,CISF Indira Gandhi International,IO Devender Sharma,Video Evidence Safe,7a8b9c0d1e2f3a4b...,CCTV footage capturing suspect boarding flight TG-316 to Bangkok with carry-on hard drive
E-DEL-006,FIR-2024-DL-ND-058,hotel_le_meridien_guest_log.pdf,Document,Hotel Management New Delhi,Sub-Inspector R. Yadav,Evidence Locker H-02,8b9c0d1e2f3a4b5c...,Guest registry proving suspect held closed-door meeting with foreign defense liaison officer
E-DEL-007,FIR-2024-DL-ND-058,cert_in_threat_intelligence_advisory.pdf,Document,CERT-In Cyber Emergency Team,Security Analyst P. Varma,National Advisory Binder,9c0d1e2f3a4b5c6d...,Threat intelligence report attributing APT group infrastructure used in exfiltration hop
E-DEL-008,FIR-2024-DL-ND-058,laptop_forensic_carve_report.pdf,Document,Central Forensic Science Laboratory (CFSL) CBI,Chief Examiner CFSL,Forensic Archive F-12,0d1e2f3a4b5c6d7e...,Forensic carving confirming secure deletion utility 'Eraser' executed 20 minutes prior to raid
E-BOS-001,CASE-BOS-2013-001,lord_taylor_cctv_suspect2.mp4,Video,Lord & Taylor Boylston St,FBI Special Agent C. Walsh,FBI Vault 7B,1a2b3c4d5e6f7a8b...,Surveillance video showing Dzhokhar Tsarnaev placing knapsack at marathon finish line
E-BOS-002,CASE-BOS-2013-001,forum_restaurant_cctv_blast.mp4,Video,Forum Restaurant Boylston,FBI Evidence Response Team,FBI Digital Archive,2b3c4d5e6f7a8b9c...,Blast site footage capturing detonation of second pressure cooker explosive device
E-BOS-003,CASE-BOS-2013-001,fagor_pressure_cooker_fragments.jpg,Image,FBI Bomb Data Center,Special Agent Bomb Tech,FBI Materials Analysis Lab,3c4d5e6f7a8b9c0d...,Recovered Fagor 6-quart pressure cooker lid fragments and embedded BB steel pellets
E-BOS-004,CASE-BOS-2013-001,watertown_boat_pencil_inscription.jpg,Image,Watertown Police / FBI,Forensic Photographer,Watertown Physical Safe,4d5e6f7a8b9c0d1e...,High-resolution photo of handwritten pencil note inside hull of boat declaring ideological motive
E-BOS-005,CASE-BOS-2013-001,ruger_9mm_pistol_ballistics.pdf,Document,Massachusetts State Police Ballistics,Ballistics Expert J. Foley,MSP Ballistics Locker,5e6f7a8b9c0d1e2f...,Recovered Ruger P95 9mm handgun with obliterated serial number used in shootout
E-BOS-006,CASE-BOS-2013-001,inspire_magazine_pdf_sony_laptop.pdf,Document,FBI Computer Analysis Response Team,Forensic Examiner K. Scott,CART Digital Archive,6f7a8b9c0d1e2f3a...,Inspire Issue #1 containing 'Make a bomb in the kitchen of your mom' found on suspect Sony VAIO
E-BOS-007,CASE-BOS-2013-001,dun_meng_carjacking_deposition.pdf,Document,US District Court MA,Court Reporter A. Higgins,Federal Case Exhibit 84,7a8b9c0d1e2f3a4b...,Sworn deposition of Dun Meng detailing Mercedes ML350 carjacking and suspect admissions
E-BOS-008,CASE-BOS-2013-001,mit_cruiser_radio_transmission.m4a,Audio,MIT Campus Police Dispatch,Audio Forensic Specialist,Federal Audio Exhibit 12,8b9c0d1e2f3a4b5c...,Radio audio capturing MIT Officer Sean Collier homicide dispatch and officer down call
E-BOS-009,CASE-BOS-2013-001,cingular_verizon_tower_pings.csv,Document,Cellular Provider Subpoena,Special Agent Analyst,FBI Cellular Analysis Survey,9c0d1e2f3a4b5c6d...,Cell tower triangulation confirming suspects present at Boylston St between 14:40 and 14:52
E-BOS-010,CASE-BOS-2013-001,green_canvas_backpack_remnants.jpg,Image,Boylston Crime Scene Team,Evidence Custodian P. Kelly,FBI Evidence Locker B-11,0d1e2f3a4b5c6d7e...,Burned fabric remnants of nylon backpack containing explosive chemical residue and shrapnel
